<?xml version="1.0" encoding="UTF-8"?>
<!DOCTYPE hibernate-configuration PUBLIC "-//Hibernate/Hibernate Configuration DTD 3.0//EN" "http://hibernate.sourceforge.net/hibernate-configuration-3.0.dtd">
<hibernate-configuration>
  <session-factory>
    <property name="hibernate.dialect">org.hibernate.dialect.MySQLDialect</property>
    <property name="hibernate.connection.driver_class">com.mysql.jdbc.Driver</property>
    <property name="hibernate.connection.url">jdbc:mysql://localhost:3306/adocao</property>
    <property name="hibernate.connection.username">root</property>
    <property name="hibernate.connection.password">i737373b</property>
    
    <mapping class="br.edu.ifpe.garanhuns.negocio.Animal"/>
    <mapping class="br.edu.ifpe.garanhuns.negocio.Endereco"/>
    <mapping class="br.edu.ifpe.garanhuns.negocio.Ong"/>
    <mapping class="br.edu.ifpe.garanhuns.negocio.Postagem"/>
    
  </session-factory>
</hibernate-configuration>
